Country,Books,Book1,Author1,Title1,Book2,Author2,Title2,Book3,Author3,Title3
Afghanistan,Atiq Rahimi A Thousand Rooms of Dream and Fear; The Patience Stone / Khaled Hosseini The Kite Runner; A Thousand Splendid Suns / Anna Badkhen Waiting for the Taliban / Emmanuel Guibert The Photographer / (as told to) Batya Swift Yasgur Behind the Burqa,Atiq Rahimi A Thousand Rooms of Dream and Fear,Atiq Rahimi,A Thousand Rooms of Dream and Fear,Khaled Hosseini The Kite Runner,Khaled Hosseini,The Kite Runner,Anna Badkhen Waiting for the Taliban,Anna Badkhen,Waiting for the Taliban
Albania,Ismail Kadare The Palace of Dreams; Broken April / Fatos Kongoli The Loser / Elvira Dones Sworn Virgin,Ismail Kadare The Palace of Dreams; Broken April,Ismail Kadare,The Palace of Dreams; Broken April,Fatos Kongoli The Loser,Fatos Kongoli,The Loser,Elvira Dones Sworn Virgi,Elvira Dones,Sworn Virgi
Algeria,Leïla Marouane The Sexual Life of an Islamist in Paris / Anouar Benmalek Abduction / Assia Djebar So Vast the Prison / Boualem Sansal An Unfinished Business; The German Mujahid / Al-Tahir Wattar The Earthquake / Anouar Benmalek The Lovers of Algeria / Yasmina Khadra The Attack,Leïla Marouane The Sexual Life of an Islamist in Paris,Leïla Marouane,The Sexual Life of an Islamist in Paris,Anouar Benmalek Abduction,Anouar Benmalek,Abduction,Assia Djebar So Vast the Prison,Assia Djebar,So Vast the Prison
Andorra,Albert Salvadó The Teacher of Cheops,Albert Salvadó The Teacher of Cheop,Albert Salvadó,The Teacher of Cheop,None,None,None,None,None,None
Angola,José Eduardo Agualusa My Father’s Wives; Creole / Pepetela The Return of the Water Spirit / Ondjaki Good Morning Comrades; The Whistler / Jose Eduardo Agualusa The Book of Chameleons / Manuel Rui Monteiro Quem me dera ser Onda (translation sought) / José Luandino Vieira Our Musseque,José Eduardo Agualusa My Father’s Wives; Creole,José Eduardo,Agualusa My Father’s Wives; Creole,Pepetela The Return of the Water Spirit,Pepetela The,Return of the Water Spirit,Ondjaki Good Morning Comrades; The Whistler,Ondjaki Good,Morning Comrades; The Whistler
Antarctica,None,Richard Byrd Alone,Richard Byrd,Alone,None,None,None,None,None,None
Antigua And Barbuda,and Barbuda Jamaica Kincaid Lucy; Annie John / Marie-Elena John Unburnable / Althea Prince Loving this Man; Ladies of the Night / Gisele Isaac Considering Venus / Joanne C. Hillhouse et al. Pepperpot (pan-Caribbean anthology),Jamaica Kincaid Lucy,Jamaica Kincaid,Lucy,Marie-Elena John Unburnable,Marie-Elena John,Unburnable,Althea Prince Loving this Man; Ladies of the Night,Althea Prince,Loving this Man; Ladies of the Night
Argentina,Martin Kohan Seconds Out / César Aira How I Became a Nun; An Episode in the Life of a Landscape Painter / Ernesto Sábato The Tunnel / Alicia Steimberg Musicians and Watchmakers / Jorges Luis Borges / Tomás Eloy Martínez Purgatory (trans. Frank Wynne) / Matias Nespolo 7 Ways to Kill a Cat (trans. Frank Wynne) / Carlos Gamerro The Islands / Iosi Havilio Opendoor / Luisa Valenzuela / Ricardo Piglia / Guillermo Martínez / Manuel Puig / Adolfo Bioy Casares The Invention of Morel / Julio Cortázar Hopscotch / Samanta Schweblin Fever Dream,Mariana Enriquez The Things We Lost in the Fire,Mariana Enriquez,The Things We Lost in the Fire,Martin Kohan Seconds Out,Martin Kohan,Seconds Out,Ernesto Sábato The Tunnel,Ernesto Sábato,The Tunnel
Armenia,Armand Inezian Bringing Ararat / Grigoris Balakian Armenian Golgotha,Armand Inezian Bringing Ararat,Armand Inezian,Bringing Ararat,Grigoris Balakian Armenian Golgoth,Grigoris Balakian,Armenian Golgoth,None,None,None
Australia,Tim Winton Cloudstreet / Helen Garner The Children’s Bach / Markus Zusak The Book Thief / Nam Le The Boat / Andrew McGahan The White Earth / Elizabeth Jolley / Alex Miller Lovesong / Jill Ker Conway The Road from Coorain / Gail Jones A Guide to Berlin,Tim Winton Cloudstreet,Tim Winton,Cloudstreet,Helen Garner The Children’s Bach,Helen Garner,The Children's Bach,Markus Zusak The Book Thief,Markus Zusak,The Book Thief
Austria,Elias Canetti The Torch in my Ear / Anna Kim Frozen Time / Thomas Bernhard Extinction / Stefan Zweig / Julya Rabinovich Splithead / Robert Seethaler A Whole Life,Elias Canetti The Torch in my Ear,Elias Canetti,The Torch in my Ear,Anna Kim Frozen Time,Anna Kim,Frozen Time,Thomas Bernhard Extinction,Thomas Bernhard,Extinction
Azerbaijan,Gioulzar Akhmedova Magnolia / Maksud Ibragimbekov / Anar Razayev / ? Ali and Nino,Gioulzar Akhmedova Magnolia,Kurban Said,Ali and Nino,Maksud Ibragimbekov,Maksud Ibragimbekov,,Mikhail Bulgakov The Master and Margarita,Mikhail Bulgakov,The Master and Margarita
Bahamas,Bahamas Ian Strachan God’s Angry Babies / Garth Buckner Thine is the Kingdom,Bahamas Ian Strachan God’s Angry Babies,Bahamas Ian,Strachan God’s Angry Babies,Garth Buckner Thine is the Kingdo,Garth Buckner,Thine is the Kingdo,None,None,None
Bahrain,Ali Al Saeed Quixotiq / Sarah A Al Sahfei Yummah,Ali Al Saeed Quixotiq,Ali Al,Saeed Quixotiq,Sarah A Al Sahfei Yumma,Sarah A,Al Sahfei Yumma,None,None,None
Bangladesh,Taslima Nasrin Shame / Tahmima Anam The Good Muslim / Humayun Ahmed To the Woods Dark and Deep / Ekhlasuddin Ahmed When the Evening Darkens / Shawkat Osman The Laughter of a Slave / Anwar Pasha Rifles Bread Women,Taslima Nasrin Shame,Taslima Nasrin,Shame,Tahmima Anam The Good Muslim,Tahmima Anam,The Good Muslim,Humayun Ahmed To the Woods Dark and Deep,Humayun Ahmed,To the Woods Dark and Deep
Barbados,Karen Lord Redemption in Indigo / Agymah Kamau Flickering Shadows; Pictures of a Dying Man / Glenville Lovell Fire in the Canes; Song of Night; Too Beautiful to Die,Karen Lord Redemption in Indigo,Karen Lord,Redemption in Indigo,Agymah Kamau Flickering Shadows,Agymah Kamau,Flickering Shadows,Glenville Lovell Fire in the Canes; Song of Night; Too Beautiful to Di,Glenville Lovell,Fire in the Canes; Song of Night; Too Beautiful to Di
Belarus,Artur Klinov The Sun City of Dreams / Uladzimir Karatkievich King Stakh’s Wild Hunt / Vasil Bykau Sotnikau or The Ordeal / Viktar Martsinovich Paranoia / Svetlana Alexievich Voices from Chernobyl / Uladzimir Karatkevich The Spikes Under Your Sickle / Ivan Melezh People of the Swamp / Svetlana Alexievich Chernobyl Prayer: A Chronicle of the Future,Artur Klinov The Sun City of Dreams,Artur Klinov,The Sun City of Dreams,Uladzimir Karatkievich King Stakh’s Wild Hunt,Uladzimir Karatkievich,King Stakh’s Wild Hunt,Vasil Bykau Sotnikau or The Ordeal,Vasil Bykau,Sotnikau or The Ordeal
Belgium,Hergé The Adventures of Tintin / Peter Terrin The Guard / Stefan Brijs The Angel Maker / Francois Emmanuel Invitation to a Voyage / Dimitri Verhulst The Misfortunates / Louis Paul Boon My Little War / Paul Verhaeghen Omega Minor / Amélie Nothomb / Saskia De Coster We and Me / Annelies Verbeke Thirty Days,Hergé The Adventures of Tintin,Hergé The,Adventures of Tintin,Peter Terrin The Guard,Peter Terrin,The Guard,Stefan Brijs The Angel Maker,Stefan Brijs,The Angel Maker
Belize,"Zoila Ellis On Heroes, Lizards and Passion","Zoila Ellis On Heroes, Lizards and Passio",Zoila Ellis,"On Heroes, Lizards and Passio",None,None,None,None,None,None
Benin,Gisèle Hountondji / Jean Pliya / Florent Couao-Zotti / Adelaide Fassinou / Rashidah Ismaili Abubakr Stories We Tell Each Other,Stories We Tell Each Other Rashidah Ismaili,Stories We,Tell Each Other Rashidah Ismaili,Jean Pliya,Jean Pliya,None,Florent Couao-Zotti,Florent Couao-Zotti,None
Bhutan,Kunzang Choden The Circle of Karma / Karma Ura The Hero with a Thousand Eyes / T Sangay Wangchuk Seeing with the Third Eye / Dorji Penjore Bomena / Pema Euden Coming Home / Sonam Kinga,Kunzang Choden The Circle of Karma,Kunzang Choden,The Circle of Karma,Karma Ura The Hero with a Thousand Eyes,Karma Ura,The Hero with a Thousand Eyes,T Sangay Wangchuk Seeing with the Third Eye,T Sangay,Wangchuk Seeing with the Third Eye
Bolivia,José Edmundo Paz-Soldán / Víctor Montoya / Renato Prada Oropeza / Giovanna Rivero Sweet Blood / Juan de Recacoechea American Visa / Liliana Colanzi Our Dead World,José Edmundo Paz-Soldán,José Edmundo,Paz-Soldán,Víctor Montoya,Víctor Montoya,,Renato Prada Oropeza,Renato Prada,Oropeza
Bosnia And Herzegovina,Zlata Filipovic Zlata’s Diary / Saša Staniši? How the Soldier Repairs the Gramophone / Aleksandar Hemon The Lazarus Project / Ivo Andric The Bridge on the Drina / Meša Selimovi? Death and the Dervish; Fortress,Zlata Filipovic Zlata’s Diary,Zlata Filipovic,Zlata’s Diary,Saša Stanišic How the Soldier Repairs the Gramophone,Saša Stanišic,How the Soldier Repairs the Gramophone,Aleksandar Hemon The Lazarus Project,Aleksandar Hemon,The Lazarus Project
Botswana,"Angus, Maisie and Travers McNeice The Lion Children / Bessie Head A Question of Power / Unity Dow","Angus, Maisie and Travers McNeice The Lion Children","Angus, Maisie",and Travers McNeice The Lion Children,Bessie Head A Question of Power,Bessie Head,A Question of Power,Unity Do,Unity Do,None
Brazil,João Ubaldo Ribeiro House of the Fortunate Buddhas; An Invincible Memory / Clarice Lispector / Rubem Fonseca / Paulo Freire / Clarice Lispector Agua Viva / Jorge Amado Jubiabá; The Double Death of Quincas Water-Bray / João Guimarães Rosa / Paulo Coelho / Machado de Assis Dom Casmurro / Chico Buarque Budapest / Lygia Fagundes Telles The Marble Dance / Zulmira Ribeiro Tavares Family Heirlooms,João Ubaldo Ribeiro House of the Fortunate Buddhas,Machado de Assis,Don Casmurro,Clarice Lispector,Clarice Lispector,,Rubem Fonseca,Peter Robb,A Death in Brazil
Brunei,Eva Maria Kershaw Dusun Folktales: A Collection of Eighty-eight Folktales in the Dusun Language of Brunei with English Translations / Christopher Sun (aka Sun Tze Yun) Four Kings / Amir Falique The Forlorn Adventure,Eva Maria Kershaw Dusun Folktales: A Collection of Eighty-eight Folktales in the Dusun Language of Brunei with English Translations,Eva Maria Kershaw,Dusun Folktales,Christopher Sun Four Kings,Christopher Sun,Four Kings,Amir Falique The Forlorn Adventur,Amir Falique,The Forlorn Adventur
Bulgaria,Elias Canetti The Tongue Set Free / Kalin Terziyski Is there Anybody to Love You? / Georgi Gospodinov Natural Novel / Kapka Kassabova Street Without a Name / Anton Donchev Time of Parting / Milen Ruskov Thrown into Nature / Emiliyan Stanev The Peach Thief / Dimitar Dimov Doomed Souls,Elias Canetti The Tongue Set Free,Elias Canetti,The Tongue Set Free,Kalin Terziyski Is there Anybody to Love You?,Kalin Terziyski,Is there Anybody to Love You?,Georgi Gospodinov Natural Novel,Georgi Gospodinov,Natural Novel
Burkina Faso,Sarah Bouyain / Frédéric Pacéré Titinga / Nobert Zongo The Parachute Drop,Sarah Bouyain,Sarah Bouyain,None,Nobert Zongo The Parachute Drop,Nobert Zongo,The Parachute Drop,None,None,None
Burundi,"Marie-Therese Toyi Weep Not, Refugee / Roland Rugero Baho!","Marie-Therese Toyi Weep Not, Refugee",Marie-Therese Toyi,"Weep Not, Refugee",Roland Rugero Baho,Roland Rugero,Baho,None,None,None
Cambodia,U Sam Oeur Crossing Three Wildernesses / Alice Pung Unpolished Gem / Vaddey Ratner In the Shadow of the Banyan / Loung Ung / Haing S Ngor / Bree Lafreniere and Daran Kravanh Music Through Dark,U Sam Oeur Crossing Three Wildernesses,U Sam,Oeur Crossing Three Wildernesses,Alice Pung Unpolished Gem,Alice Pung,Unpolished Gem,Vaddey Ratner In the Shadow of the Banyan,Vaddey Ratner,In the Shadow of the Banyan
Cameroon,Mongo Beti La Pauvre Christ de Bomba (The Poor Christ of Bomba); Mission to Kala / Beatrice Fri Bime Mystique: a collection of lake myths,Mongo Beti Mission to Kala,Mongo Beti,Mission to Kala,Beatrice Bime Mystique: a collection of lake myth,Beatrice Bime,Mystique: a collection of lake myth,None,None,None
Canada,"Robertson Davies / Nicole Brossard Mauve Desert / Alice Munro / Lauren B Davis Our Daily Bread / Darcie Friesen Hossack Mennonites Don’t Dance / Anne Michaels Fugitive Pieces / Thomas King Green Grass, Running Water / Elizabeth Hay Late Nights on Air / Michael Ondaatje In the Skin of a Lion / Frances Itani Deafening / Joseph Boyden The Three Day Road / Carol Shields / Donna Morrissey / Timothy Findley Not Wanted on the Voyage / Michael Crummey Galore / Anita Rau Baudami Tamarind Mem; The Hero’s Walk / Zoe Whittall Bottle Rocket Hearts",Robertson Davies,Lucy Montgomery,Anne of Green Gables,Nicole Brossard Mauve Desert,Nicole Brossard,Mauve Desert,Margaret Atwood,Margaret Atwood,The Handmaid's Tale
Cape Verde,Verde Germano Almeida The Last Will & Testament of Senhor da Silva Araújo / Dina Salústio The Madwoman of Serrano,Germano Almeida The Last Will & Testament of Senhor da Silva Araújo,Germano Almeida,The Last Will & Testament of Senhor da Silva Araújo,Dina Salústio The Madwoman of Serran,Dina Salústio,The Madwoman of Serran,None,None,None
Central African Republic,Pierre Makombo Bamboté Dada’s Travels from Ouadda to Bangui / ed. Polly Strong African Tales: Folklore of the Central African Republic / Etienne Goyémidé,Pierre Makombo Bamboté Dada’s Travels from Ouadda to Bangui,Makombo Bambote,Daba's Travels from Ouadda to Bangui,Tatiana Carayannis Making Sense of the Central African Republic,Tatiana Carayannis,Making Sense of the Central African Republic,Etienne Goyémid,Etienne Goyémid,None
Chad,Joseph Brahim Seid Told by Starlight in Chad,Joseph Brahim Seid Told by Starlight in Cha,Joseph Brahim,Seid Told by Starlight in Chad,None,None,None,None,None,None
Chile,Roberto Bolano The Savage Detectives / Alejandro Zambra The Private Lives of Trees; Bonsai / Isabel Allende The House of the Spirits (trans. Magda Bodin) / Diamela Eltit / Alberto Fuguet / María Luisa Bombal / Luis Sepúlveda / Antonio Skármeta / Lina Meruane Seeing Red,Roberto Bolano The Savage Detectives,Roberto Bolano,The Savage Detectives,Alejandro Zambra The Private Lives of Trees; Bonsai,Alejandro Zambra,The Private Lives of Trees,Isabel Allende The House of the Spirits (trans. Magda Bodin),Isabel Allende,The House of the Spirits
China,"Zhu Wen I Love Dollars / Jian Rong Wolf Totem / Ma Jian Stick Out Your Tongue; Red Dust/ Cao Xuequin Dream of the Red Chamber / Wu Cheng’en Journey to the West / Zhang Yueran / Chan Koonchung The Fat Years (trans. Michael Duke) / Yan Lianke Dream of Ding Village / Mo Yan The Garlic Ballads; Shifu, You’ll Do Anything for a Laugh / Zhu Wen / Zhang Yueran / Han Dong Banished! / Yan Ge / Xialou Guo Village of Stone / Mian Mian Candy / Wang Shuo Playing for Thrills / Chen Xiwo I Love My Mum / Xu Zechen / Xue Xinran The Good Women of China; China Witness; Message from an Unknown Chinese Mother / Hok-Pang Tang & David Coomler A Time of Ghosts / Huo Da Jade King / Wang Xiaobo / Cao Wenxuan Bronze and Sunflower / Yan Lianke Lenin’s Kisses",Cao Xueqin Dream of the Red Chamber,Cao Xueqin,Dream of the Red Chamber,Mo Yan Red Sorghum,Mo Yan,Red Sorghum,Eileen Chang Love in a Fallen City,Eileen Chang,Love in a Fallen City
Colombia,Evelio Rosero The Armies / Pilar Quintana Tickles in the Tongue / Juan Gabriel Vasquez The Informers / Eduardo Garcia Aguilar Boulevard of Heroes / Fernando Vallejo Our Lady of the Assassins / Hector Abad Faciolince / Laura Restrepo Delirium / Fernando Vallejo / Gabriel García Márquez / James Cañón Tales from the Town of Windows / Leila Cobo,Evelio Rosero The Armies,Evelio Rosero,The Armies,Pilar Quintana Tickles in the Tongue,Pilar Quintana,Tickles in the Tongue,Juan Gabriel Vasquez The Informers,Juan Gabriel,Vasquez The Informers
Comoros,Mohammed Toihiri The Kafir of Karthala / Ali Zamir A Girl Called Eel,Mohammed Toihiri The Kafir of Karthala,Mohammed Toihiri,The Kafir of Karthala,Ali Zamir A Girl Called Ee,Ali Zamir,A Girl Called Ee,None,None,None
Congo,Emmanuel Dongala Johnny Mad Dog; Little Boys Come from the Stars / Sony Lab’ou Tansi The Antipeople / Alain Mabanckou Letter to Jimmy,Emmanuel Dongala Johnny Mad Dog; Little Boys Come from the Stars,Emmanuel Dongala,Johnny Mad Dog; Little Boys Come from the Stars,Sony Labou Tansi The Antipeople,Sony Lab’ou,Tansi The Antipeople,Alain Mabanckou Letter to Jimm,Alain Mabanckou,Letter to Jimm
"Congo, the Democratic Republic of the",,,Frederick Yamusangie,Full Circle,None,None,None,None,None,None
Costa Rica,Anacristina Rossi / Carmen Naranjo / Oscar Nunez Olivas Cadence of the Moon / Anacristina Rossi The Madwoman of Gandoca / ed Barbara Ras Costa Rica: A Traveler’s Literary Companion,Anacristina Rossi,Anacristina Rossi,None,Carmen Naranjo,Carmen Naranjo,,Oscar Nunez Olivas Cadence of the Moon,Oscar Nunez,Olivas Cadence of the Moon
Côte d'Ivoire,Bernard Dadié Climbié / Ahmadou Kourouma Allah is not Obliged,Bernard Dadié Climbié,Bernard Dadié,Climbié,Ahmadou Kourouma Allah is not Oblige,Ahmadou Kourouma,Allah is not Oblige,None,None,None
Croatia,Miroslav Krleža On the Edge of Reason / Dubravka Ugr?sic The Ministry of Pain; In the Jaws of Life / Slavenka Drakulic A Guided Tour through the Museum of Communism / Marija Juri? Zagorka Daughter of the Lotrš?ak; A Stone on the Road; The Witch of Gric / Antun Gustav Matoš / Robert Periši? Our Man in Iraq,Miroslav Krleža On the Edge of Reason,Miroslav Krleža,On the Edge of Reason,Dubravka Ugresic The Ministry of Pain,Dubravka Ugresic,The Ministry of Pain,Slavenka Drakulic A Guided Tour through the Museum of Communism,Slavenka Drakulic,A Guided Tour through the Museum of Communism
Cuba,Mayra Montero Dancing to Almendra / Ena Lucia Portela One Hundred Bottles / Alejo Carpentier / Reinaldo Arenas / Antonio José Ponte / Leonardo Padura / Reinaldo Arenas / Leonardo Padura Fuentes / Virgilio Piñera / José Lezama Lima / Severo Sarduy / Guillermo Cabrera Infante / Lydia Cabrera Afro-Cuban Tales / Leonardo Padura The Man Who Loved Dogs,Mayra Montero Dancing to Almendra,Mayra Montero,Dancing to Almendra,Ena Lucia Portela One Hundred Bottles,Ena Lucia,Portela One Hundred Bottles,Alejo Carpentier,Alejo Carpentier,None
Cyprus,"Anna Marangou/Andreas Coutas (trans. Xenia Andreou) Famagusta: the Story of the City / Eve Makis / Christy Lefteri A Watermelon, a Fish and a Bible / Panos Ioannides Gregory and other stories / Elmos Konis Magnette / Nora Nadjarian Ledra Street",Anna Marango,Anna Marango,None,ndreas Coutas (trans. Xenia Andreou) Famagusta: the Story of the City,ndreas Coutas,(trans. Xenia Andreou) Famagusta: the Story of the City,Eve Makis,Eve Makis,None
Czech Republic,Bohumil Hrabal Too Loud a Solitude / Hana Demetz The House on Prague Street / Tomáš Zmeškal Love Letter in Cuneiform Script / Josef Škvorecký The Engineer of Human Souls (trans. Paul Wilson) / Jáchym Topol The Devil’s Workshop,Bohumil Hrabal Too Loud a Solitude,Bohumil Hrabal,Too Loud a Solitude,Hana Demetz The House on Prague Street,Hana Demetz,The House on Prague Street,Tomáš Zmeškal Love Letter in Cuneiform Script,Tomáš Zmeškal,Love Letter in Cuneiform Script
Denmark,Jakob Ejersbo Exile: Book One of the African Trilogy / Morten Ramsland Dog Head / Christian Jungersen The Exception / Louise Bugge Laermann Constanze Mozart / Peter Høeg Smilla’s Sense of Snow,Jakob Ejersbo Exile: Book One of the African Trilogy,Jakob Ejersbo,Exile: Book One of the African Trilogy,Morten Ramsland Dog Head,Morten Ramsland,Dog Head,Christian Jungersen The Exception,Christian Jungersen,The Exception
Djibouti,Abdourahman Waberi In the United States of Africa; Passage of Tears,Abdourahman Waberi In the United States of Africa; Passage of Tear,Abdourahman Waberi,In the United States of Africa; Passage of Tear,None,None,None,None,None,None
Dominica,Phyllis Shand Allfrey The Orchid House / Elma Napier Black and White Sands / Jean Rhys / Pupils of Atkinson School The Snake King of the Kalinago / Alick Lazare Pharcel / Various Home Again / Christborne Shillingford Most Wanted: street stories from the Caribbean,Junot Diaz The Brief Wondrous Life of Oscar Wao,Junot Diaz,The Brief Wondrous Life of Oscar Wao,Phyllis Shand Allfrey The Orchid House,Phyllis Shand,Allfrey The Orchid House,Elma Napier Black and White Sands,Elma Napier,Black and White Sands
Dominican Republic,Juan Bosch / Arambilet Neguri’s Secret / Junot Diaz The Brief Wonderous Life of Oscar Wao / Pedro Mir When they Loved the Communal Land / Julia Alvarez / Rita Indiana Tentacle,Juan Bosch,Juan Bosch,None,Arambilet Neguri’s Secret,Arambilet Neguri’s,Secret,Junot Diaz The Brief Wonderous Life of Oscar Wao,Junot Diaz,The Brief Wonderous Life of Oscar Wao
East Timor,Timor Luis Cardoso The Crossing,Timor Luis Cardoso The Crossin,Timor Luis,Cardoso The Crossin,None,None,None,None,None,None
Ecuador,Jorge Icaza Huasipungo,Jorge Icaza Huasipung,Jorge Icaza,Huasipung,None,None,None,None,None,None
Egypt,"Ahdaf Soueif The Map of Love; Cairo: My City, Our Revolution / Sonallah Ibrahim Stealth / Mohamed Mansi Qandil Moon Over Samarqand / Waguih Ghali Beer in the Snooker Club / Naguib Mahfouz Midaq Alley; The Thief and the Dogs; Miramar; The Final Hour/ Alaa Al Aswany The Yacoubian Building / Radwa Ashour / Nawal El Saadawi / May Telmissany Dunyazad / Salwa Bakr / ed. Marilyn Booth My Grandmother’s Cactus / Gamal al-Ghitani Zayni Barakat / Yusef Zeidan Azazil / Radwa Ashour Granada; Spectres / Ibrahim Abdel Meguid No One Sleeps in Alexandria / Bahar Tahir / Muhammad Bisati / Basma Abdel Aziz The Queue",Ahdaf Soueif The Map of Love,Ahdaf Soueif,The Map of Love,Sonallah Ibrahim Stealth,Sonallah Ibrahim,Stealth,Mohamed Mansi Qandil Moon Over Samarqand,Mohamed Mansi,Qandil Moon Over Samarqand
El Salvador,Horacio Castellanos Moya Senselessness,Horacio Castellanos Moya Senselessnes,Horacio Castellanos,Moya Senselessnes,None,None,None,None,None,None
Equatorial Guinea,Juan Tomás Ávila Laurel By Night the Mountain Burns / Donato Ndongo Shadows of your Black Memory / Maria Nsue Angue Ekomo (translation sought) / TrifoniaMelibea Obono La Bastarda,Juan Tomás Ávila Laurel By Night the Mountain Burns,Juan Tomás,Ávila Laurel By Night the Mountain Burns,Donato Ndongo Shadows of your Black Memory,Donato Ndongo,Shadows of your Black Memory,Maria Nsue Angue Ekomo (translation sought),Maria Nsue,Angue Ekomo (translation sought)
Eritrea,Senait Mehari Heart of Fire / Sulaiman Addonia The Consequences of Love / Dawit Gebremichael Habte Gratitude in Low Voices,Senait Mehari Heart of Fire,Senait Mehari,Heart of Fire,Sulaiman Addonia The Consequences of Love,Sulaiman Addonia,The Consequences of Love,Dawit Gebremichael Habte Gratitude in Low Voice,Dawit Gebremichael,Habte Gratitude in Low Voice
Estonia,Jaan Kross Professor Martens’ Departure; Treading Air / Viivi Luik The Beauty of History,Jaan Kross Professor Martens’ Departure; Treading Air,Jaan Kross,Professor Martens’ Departure; Treading Air,Viivi Luik The Beauty of Histor,Viivi Luik,The Beauty of Histor,None,None,None
Ethiopia,Maaza Mengiste Beneath the Lion’s Gaze / Dinaw Mengestu Children of the Revolution / Abraham Verghese Cutting for Stone,Maaza Mengiste Beneath the Lion’s Gaze,Maaza Mengiste,Beneath the Lion’s Gaze,Dinaw Mengestu Children of the Revolution,Dinaw Mengestu,Children of the Revolution,Abraham Verghese Cutting for Ston,Abraham Verghese,Cutting for Ston
Fiji,Peter Thomson Kava in the Blood / Epeli Hau’ofa Kisses in the Nederends; Tales of the Tikongs / Mikaele M.K. Yasa Of Baluka and Nibong Palm,Peter Thomson Kava in the Blood,Peter Thomson,Kava in the Blood,Epeli Hau’ofa Kisses in the Nederends; Tales of the Tikongs,Epeli Hau’ofa,Kisses in the Nederends; Tales of the Tikongs,Mikaele M.K. Yasa Of Baluka and Nibong Pal,Mikaele M.K.,Yasa Of Baluka and Nibong Pal
Finland,Arto Paasilinna The Year of the Hare / Mika Waltari The Egyptian / Johanna Sinisalo Troll: A Love Story / Sofi Oksanen Purge / Emmi Itäranta Memory of Water / Antti Tuomainen The Man Who Died,Arto Paasilinna The Year of the Hare,Arto Paasilinna,The Year of the Hare,Mika Waltari The Egyptian,Mika Waltari,The Egyptian,Johanna Sinisalo Troll: A Love Story,Johanna Sinisalo,Troll: A Love Story
France,"Alain-Fournier The Wanderer / Marie NDiaye Rosie Carpe / Marie Darrieussecq My Phantom Husband / Colette Chéri / Faiza Guene Dreams from the Endz / Raymond Queneau Exercises in Style (trans. Barbara Wright) / Georges Perec Life:a User’s Manual (trans. David Bellos) / Jean-Marie Gustave Le Clezio Wandering Star / Jean Echenoz Lightning / Delphine de Vigan Underground Time / Faïza Guène Just Like Tomorrow / Alexis Jenni The French Art of War / Laurence Cossé A Novel Bookstore / Hélène Grémillon The Confidant / Jérôme Ferrari Where I Left My Soul / Marguerite Yourcenar / Michel Houellebecq / André Schwarz-Bart A Woman Named Solitude (trans. Ralph Manheim) / Abnousse Shalmani Khomeini, Sade and Me / Lydia Salvayre Cry, Mother Spain / Tiphaine Rivière Notes on a Thesis / Bessora/Barroux Alpha: Abidjan to Garde du Nord",Alain-Fournier The Wanderer,Alain-Fournier The,Wanderer,Marie NDiaye Rosie Carpe,Marie NDiaye,Rosie Carpe,Marie Darrieussecq My Phantom Husband,Marie Darrieussecq,My Phantom Husband
Gabon,Daniel Mengara Mema,Daniel Mengara Mem,Daniel Mengara,Mema,None,None,None,None,None,None
Gambia,Gambia Dayo Forster Reading the Ceiling / Dembo Fanta Bojang & Sukai Mbye Bojang Folk Tales and Fables from The Gambia,Gambia Dayo Forster Reading the Ceiling,Gambia Dayo,Forster Reading the Ceiling,Dembo Fanta Bojang & Sukai Mbye Bojang Folk Tales and Fables from The Gambi,Dembo Fanta,Bojang & Sukai Mbye Bojang Folk Tales and Fables from The Gambi,None,None,None
Georgia,Sana Krasikov One More Year / ed Elizabeth Heighway Contemporary Georgian Fiction / Cabua Amirejibi Data Tutashkhia / Mikheil Javakhishvili Kvachi / Otar Chiladze A Man Was Going Down the Road / Nino Haratischvili The Eighth Life: (for Brilka),Sana Krasikov One More Year,Sana Krasikov,One More Year,ed Elizabeth Heighway Contemporary Georgian Fiction,ed Elizabeth,Heighway Contemporary Georgian Fiction,Cabua Amirejibi Data Tutashkhia,Cabua Amirejibi,Data Tutashkhia
Germany,Jenny Erpenbeck Visitation; The End of Days / Günter Grass The Tin Drum / Christa Wolf / Heinrich Böll The Lost Honour of Katharina Blum / Emine Sevgi Özdamar Bridge of the Golden Horn / Walter Benjamin Illuminations (trans. Harry Zohn) / Clemens Meyer All the Lights / Christa Wolf Medea / Franz Fühmann / Inka Parei The Shadow-Boxing Girl / Hans Fallada Alone in Berlin / Jurek Becker Jacob the Liar / Herman Hesse Siddhartha / Thomas Mann / Yoko Tawada Memoirs of a Polar Bear,Jenny Erpenbeck Visitation; The End of Days,Jenny Erpenbeck,Visitation; The End of Days,Günter Grass The Tin Drum,Günter Grass,The Tin Drum,Christa Wolf,Christa Wolf,None
Ghana,Ayi Kwei Armah The Beautyful Ones Are Not Yet Born / Isaac Neequaye / Ama Ata Aidoo / Jo de Graft Hanson Amanfi’s Gold / Gheysika Adombire Agambila Journey / Various Anansi Stories,Ayi Kwei Armah The Beautyful Ones Are Not Yet Born,Ayi Kwei,Armah The Beautyful Ones Are Not Yet Born,Isaac Neequaye,Isaac Neequaye,,Ama Ata Aidoo,Ama Ata,Aidoo
Greece,Kostas Hatziantoniou The Black Book of Bile; Agrigento / Margarita Karapanou Kassandra and the Wolf / Panos Karnezis / Nikos Kazantzakis Freedom or Death; The Last Temptation,Kostas Hatziantoniou The Black Book of Bile,Kostas Hatziantoniou,The Black Book of Bile,Margarita Karapanou Kassandra and the Wolf,Margarita Karapanou,Kassandra and the Wolf,Panos Karnezis,Panos Karnezis,None
Grenada,Tobias Buckell / Merle Collins The Ladies are Upstairs,Tobias Buckell,Tobias Buckell,None,Merle Collins The Ladies are Upstair,Merle Collins,The Ladies are Upstair,None,None,None
Guatemala,"Miguel Angel Asturias The President / Rodrigo Rey Rosa / Rigoberta Menchú I, Rigoberta Menchú / Augusto Monterroso / Eduardo Halfon The Polish Boxer",Miguel Angel Asturias The President,Miguel Angel,Asturias The President,Rodrigo Rey Rosa,Rodrigo Rey,Rosa,"Rigoberta Menchú I, Rigoberta Menchú",Rigoberta Menchú,"I, Rigoberta Menchú"
Guinea,Camara Laye The Radiance of the King; The Guardian of the Word,Camara Laye The Radiance of the King; The Guardian of the Wor,Camara Laye,The Radiance of the King; The Guardian of the Wor,None,None,None,None,None,None
Guinea-bissau,Amilcar Cabral Unity and Struggle / Abdulai Silá The Ultimate Tragedy,Amilcar Cabral Unity and Struggle,Amilcar Cabral,Unity and Struggle,Abdulai Silá The Ultimate Traged,Abdulai Silá,The Ultimate Traged,None,None,None
Guyana,Oonya Kempadoo Buxton Spice,Oonya Kempadoo Buxton Spic,Oonya Kempadoo,Buxton Spic,Rahul Bhattacharya,Rahul Bhattacharya,The Sly Company of People Who Care,None,Odeen Ishmael,The Guyana Story
Haiti,Marvin Victor / Lyonel Trouillot Children of Heroes / Dany Laferriere How to Make Love to a Negro without Getting Tired; I am a Japanese Writer / Louis-Philppe Dalembert / Edwidge Danticat The Farming of the Bones / Franketienne / Gary Klang / Josaphat-Robert Large,Marvin Victor,Rene Depestre,Hadriana in All My Dreams,Lyonel Trouillot Children of Heroes,Lyonel Trouillot,Children of Heroes,Mitch Albom Finding Chika,Mitch Albom,Finding Chika
Honduras,Guillermo Yuscaran Points of Light / Ramón Amaya Amador,Guillermo Yuscaran Points of Light,Guillermo Yuscaran,Points of Light,Ramón Amaya Amado,Ramón Amaya,Amado,None,None,None
Hong Kong,None,Xu Xi Dear Hong Kong: An Elegy to a City,Xu Xi,Dear Hong Kong: An Elegy to a City,None,None,None,None,None,None
Hungary,Sándor Márai Embers / Dezs? Kosztolányi Skylark / Zsigmond Móricz Be Faithful Unto Death / Antal Szerb Journey by Moonlight / Péter Esterházy Not Art / Tibor Fischer Under the Frog / Antal Szerb The Pendragon Legend / László Krasznahorkai War and War (trans. George Szirtes) / Ferenc Karinthy Metropole / Imre Kertész Fatelessness / Albert Wass / Rejt? Jen? / Péter Nádas A Book of Memories; Parallel Stories / Iván Mándy On the Balcony / Ferenc Molnár The Paul Street Boys,Sándor Márai Embers,Sándor Márai,Embers,Dezso Kosztolányi Skylark,Dezso Kosztolányi,Skylark,Zsigmond Móricz Be Faithful Unto Death,Zsigmond Móricz,Be Faithful Unto Death
Iceland,Arnaldur Indridason Jar City / Halldór Laxness The Atom Station / Ófeigur Sigurðsson / Gyrðir Eliasson Stone Tree / Auður A Ólafsdóttir The Greenhouse,Arnaldur Indridason Jar City,Arnaldur Indridason,Jar City,Halldór Laxness The Atom Station,Halldór Laxness,The Atom Station,Ófeigur Sigurðsson,Ófeigur Sigurðsson,None
India,Suketu Mehta Maximum City / Rohinton Mistry Family Matters; A Fine Balance / Premchand / Rahul Bhattacharya The Sly Company of People who Care / Amitav Ghosh River of Smoke / Tabish Khair The Thing about Thugs / Aman Sathi A Free Man,Suketu Mehta Maximum City,Kamala Markandaya,Nectar in a Sieve,Anita Desai In Custody,Anita Desai,In Custody,Rohinton Mistry A Fine Balance,Rohinton Mistry,A Fine Balance
Indonesia,Yusuf Bilyarta Mangunwijaya (Romo Mangun) Burung-Burung Manyar; Rara Mendut; Durga/Umayi / Ayu Utami / Mochtar Lubis / Pramoedya Ananta Toer This Earth of Mankind / Dewi Lestari Supernova / Agustinus Wibowo Blanket of Dust (translation sought) / Andrea Hirata The Rainbow Troops / Eka Kurniawan Man Tiger,Yusuf Bilyarta Mangunwijaya,Yusuf Bilyarta Mangunwijaya,Rara Mendut,Andrea Hirata The Rainbow Troops,Andrea Hirata,The Rainbow Troops,Ayu Utami,Ayu Utami,None
"Iran, Islamic Republic of",Akbar Golrang Parpin Flowers /Nasrin Alavi We are Iran / Shahrnush Parsipur Touba and the Meaning of Night / Mahmoud Dowlatabadi The Colonel (trans. Tom Patterdale) / Adnan-Ahmed / Fariba Hachtroudi The Man Who Snapped His Fingers,Akbar Golrang Parpin Flowers,Akbar Golrang,Parpin Flowers,Nasrin Alavi We are Iran,Nasrin Alavi,We are Iran,Shahrnush Parsipur Touba and the Meaning of Night,Shahrnush Parsipur,Touba and the Meaning of Night
Iraq,Samuel Shimon An Iraqi in Paris / Ali Bader The Tobacco Keeper / Hassan Blasim The Madman of Freedom Square / Rodaan Al Galidi Thirsty River / Samira Al-Mana / Wafaa Abed Al Razzaq / A Alwan The Sheikh’s Detective / Fuad al-Takarli The Long Way Back,Samuel Shimon An Iraqi in Paris,Samuel Shimon,An Iraqi in Paris,Ali Bader The Tobacco Keeper,Ali Bader,The Tobacco Keeper,Hassan Blasim The Madman of Freedom Square,Hassan Blasim,The Madman of Freedom Square
Ireland,James Joyce Ulysses / Maria Edgeworth Castle Rackrent / William Trevor / Sebastian Barry The Secret Scripture / Flann O’Brien The Third Policeman; At Swim–Two–Birds,James Joyce Ulysses,James Joyce,Ulysses,Maria Edgeworth Castle Rackrent,Maria Edgeworth,Castle Rackrent,William Trevor,William Trevor,None
Israel,David Grossman Falling Out of Time; To the End of the Land; Be My Knife / Amos Oz A Tale of Love and Darkness (trans. Nicholas de Lange) / Savyon Liebrecht / AB Yehoshua / Ronit Matalon / Alex Epstein / Aharon Appelfeld Blooms of Darkness / Sara Shilo The Falafel King is Dead / Etgar Keret / Yehoshua Kenaz / Zeruya Shalev Pain,David Grossman Falling Out of Time; To the End of the Land; Be My Knife,David Grossman,Falling Out of Time; To the End of the Land; Be My Knife,Amos Oz A Tale of Love and Darkness (trans. Nicholas de Lange),Amos Oz,A Tale of Love and Darkness (trans. Nicholas de Lange),Savyon Liebrecht,Savyon Liebrecht,None
Italy,Roberto Saviano Zero Zero Zero; Gomorrah / Leonardo Sciascia The Day of the Owl (trans. Archibald Colquhoun) / Fabio Geda In the Sea there are Crocodiles (trans. Howard Curtis) / Elena Ferrante The Lost Daughter; The Days of Abandonment; My Brilliant Friend / Antonio Tabucchi Pereira Maintains / Diego Marani New Finnish Grammar / Alessandro Baricco Ocean Sea; Mr Gwyn / Giuseppe Tomasi di Lampedusa The Leopard / Alessandro Manzoni / Luigi Pirandello / Primo Levi / Italo Svevo / Dino Buzzati The Tartar Steppe / Elena Varvello Can You Hear Me?,Roberto Saviano Zero Zero Zero; Gomorrah,Roberto Saviano,Zero Zero Zero; Gomorrah,Leonardo Sciascia The Day of the Owl (trans. Archibald Colquhoun),Leonardo Sciascia,The Day of the Owl (trans. Archibald Colquhoun),Fabio Geda In the Sea there are Crocodiles (trans. Howard Curtis),Fabio Geda,In the Sea there are Crocodiles (trans. Howard Curtis)
Jamaica,Kei Miller / Lindsay Barrett / Margaret Cezair-Thompson The Pirate’s Daughter / Colin Channer / Brian Meeks Paint the Town Red / Patricia Powell / Victor Stafford Reid / Vanessa Spence / Marlon James The Book of Night Women; John Crow’s Devil,Kei Miller,Kei Miller,None,Lindsay Barrett,Lindsay Barrett,None,Margaret Cezair-Thompson The Pirate’s Daughter,Margaret Cezair-Thompson,The Pirate’s Daughter
Japan,"Haruki Murakami Kafka on the Shore; 1Q84 / Natsume S?seki The Miner; I am a Cat/ Michitsuna no Haha (Michitsuna’s mother) The Kagero Diary (trans. Sonja Arntzen) / Yukio Mishima Death in Midsummer (trans. Seidensticker, Keene, Morris, Sargent) / Hiromi Kawakami Manazuru / Shiba Ryotaro / Yoko Ogawa Hotel Iris / Yoriko Shono / Yumiko Kurahashi / Yoko Tawada / Yasunari Kawabata Snow Country",Haruki Murakami Kafka on the Shore; 1Q84,Haruki Murakami,Kafka on the Shore,Natsume Soseki The Miner,Natsume Soseki,The Miner,Yukio Mishima Confessions of a Mask,Yukio Mishima,Confessions of a Mask
Jordan,Ibrahim Nasrallah Time of White Horses / Abdulrahman Munif Cities of Salt,Ibrahim Nasrallah Time of White Horses,Ibrahim Nasrallah,Time of White Horses,Abdulrahman Munif Cities of Sal,Abdulrahman Munif,Cities of Sal,None,None,None
Kazakhstan,"Rollan Seisenbayev The Day the World Collapsed / Mukhamet Shayakhmetov The Silent Steppe: The Story of a Kazakh Nomad Under Stalin / Nursultan Nazarbayev My Life, My Times and the Future / Ilyas Esenberlin Nomads / Mukhtar Auezov Abai (translation sought)",Dark Shadows Joanna Lillis,Joanna Lillis,Dark Shadows,Mukhamet Shayakhmetov The Silent Steppe: The Story of a Kazakh Nomad Under Stalin,Mukhamet Shayakhmetov,The Silent Steppe: The Story of a Kazakh Nomad Under Stalin,Chingiz Aitmatov The Day Lasts More Than a Hundred Years,Chingiz Aitmatov,The Day Lasts More Than a Hundred Years
Kenya,"Binyavanga Wainaina One Day I Will Write About This Place / Ng?g? wa Thiong’o A Grain of Wheat; Wizard of the Crow / Philo Ikonya Kenya, Will You Marry Me? / NK Read Children of Saba / Yvonne Adhiambo Owuor Dust",Binyavanga Wainaina One Day I Will Write About This Place,Binyavanga Wainaina,One Day I Will Write About This Place,Ng?g?wa Thiong'o A Grain of Wheat,Ngugiwa Thiong'o,A Grain of Wheat,"Philo Ikonya Kenya, Will You Marry Me?",Philo Ikonya,"Kenya, Will You Marry Me?"
Kiribati,Teweiariki Teaero Waa in Storms,Teweiariki Teaero Waa in Storm,Teweiariki Teaero,Waa in Storm,None,None,None,None,None,None
Kuwait,"Saif Marzooq al-Shamlan Pearling in the Arabian Gulf / Jehan S Rajab Invasion Kuwait / Haya al-Mughni Women in Kuwait / Danderma The Chronicles of Dathra, a Dowdy Girl from Kuwait",Saif Marzooq al-Shamlan Pearling in the Arabian Gulf,Saif Marzooq,al-Shamlan Pearling in the Arabian Gulf,Jehan Rajab Invasion Kuwait,Jehan Rajab,Invasion Kuwait,Haya al-Mughni Women in Kuwait,Haya al-Mughni,Women in Kuwait
Kyrgyzstan,Chinghiz Aitmatov Jamilia; The Place of the Skull; Farewell Gul’sary; The Day Lasts More than a Hundred Years; Short Novels; White Steamship; Tales of the Mountains and Steppes; Cranes Fly Early;Time to Speak; Mother Earth and Other Stories,Chinghiz Aitmatov Jamilia; The Place of the Skull; Farewell Gul’sary; The Day Lasts More than a Hundred Years; Short Novels; White Steamship; Tales of the Mountains and Steppes; Cranes Fly Early;Time to Speak; Mother Earth and Other Storie,Chingiz Aitmatov,Jamilia,Chingiz Aitmatov,Chingiz Aitmatov,The White Ship,None,None,None
Laos,Outhine Bounyavong Mother’s Beloved,Outhine Bounyavong Mother’s Belove,Outhine Bounyavong,Mother’s Belove,None,None,None,None,None,None
Latvia,David Bezmozgis The Free World / Agate Nesaule A Woman in Amber / Inga Zolude A Solace for Adam’s Tree / Sandra Kalniete With Dance Shoes in Siberian Snows / Janis Klidzejs The Child of Man (translation sought),David Bezmozgis The Free World,David Bezmozgis,The Free World,Agate Nesaule A Woman in Amber,Agate Nesaule,A Woman in Amber,Inga Zolude A Solace for Adam’s Tree,Inga Zolude,A Solace for Adam’s Tree
Lebanon,Joumana Haddad I Killed Scheherazade / Elias Khoury Yalo; Gate of the Sun / Hanan al-Shaykh One Thousand and One Nights; The Locust and the Bird / Jabbour Douhaiy June Rain / Alexandra Chreiteh Always Coca-Cola / Iman Humaydan Wild Mulberries / Amin Maalouf Samarkand; Leo the African / Rashid al-Daif Dear Mr Kawabata / Amin al Rihani / Gibran Khalil Gibran / Najwa Barakat Oh Salaam!,Joumana Haddad I Killed Scheherazade,Joumana Haddad,I Killed Scheherazade,Elias Khoury Gate of the Sun,Elias Khoury,Gate of the Sun,Hanan al-Shaykh One Thousand and One Nights; The Locust and the Bird,Hanan al-Shaykh,One Thousand and One Nights; The Locust and the Bird
Lesotho,Thomas Mofolo Chaka / AS Mopeli-Paulus Blanket Boy’s Moon; The World and the Cattle / Morabo Morojele How We Buried Puso / Various Basali! Stories by and about women in Lesotho,Thomas Mofolo Chaka,Thomas Mofolo,Chaka,AS Mopeli-Paulus Blanket Boy’s Moon,AS Mopeli-Paulus,Blanket Boy’s Moon,Morabo Morojele How We Buried Puso,Morabo Morojele,How We Buried Puso
Liberia,Helene Cooper The House at Sugar Beach / Ellen Johnson Sirleaf This Child Will Be Great / Mardia Stone Konkai: Living Between Two Worlds,Helene Cooper The House at Sugar Beach,Helene Cooper,The House at Sugar Beach,Ellen Johnson Sirleaf This Child Will Be Great,Ellen Johnson,Sirleaf This Child Will Be Great,Mardia Stone Konkai: Living Between Two World,Mardia Stone,Konkai: Living Between Two World
Libya,Hisham Matar In the Country of Men; Anatomy of a Disappearance / Ibrahim Al-Khoni Anubis: A Desert Novel; Gold Dust; The Animists; The Bleeding of the Stone; The Puppet; The Seven Veils of Seth / Ahmed Fagi Homeless Rats; 30 Short Stories,Hisham Matar In the Country of Men; Anatomy of a Disappearance,Hisham Matar,In the Country of Men; Anatomy of a Disappearance,Ibrahim Al-Khoni Anubis: A Desert Novel,Ibrahim Al-Khoni,Anubis: A Desert Novel,Ahmed Fagi Homeless Rats; 30 Short Storie,Ahmed Fagi,Homeless Rats; 30 Short Storie
Liechtenstein,Iren Nigg / Stefan Sprenger / Heinrich Harrer Seven Years in Tibet / CC Bergius The Noble Forger,Iren Nigg,Iren Nigg,None,Stefan Sprenger,Stefan Sprenger,,Heinrich Harrer Seven Years in Tibet,Heinrich Harrer,Seven Years in Tibet
Lithuania,"Laura Sintija ?erniauskait? / Various No Men, No Cry / Ricardas Gavelis Vilnius Poker / Jonas Mekas / Juozas Baltusis / Andrius Tapinas Hour of the Wolf / Balys Sruoga Forest of the Gods / Antanas Šk?ma The White Shroud / Laimonas Briedis Vilnius: City of Strangers",Laura ?erniauskait?,Laura Cerniauskaite,Breathing Into Marble,"Ugne Barauskaite No Men, No Cry",Ugne Barauskaite,"No Men, No Cry",Ricardas Gavelis Vilnius Poker,Ricardas Gavelis,Vilnius Poker
Luxembourg,Jean Back Amateur / Robi Gottlieb-Cahen Minute Stories,Jean Back Amateur,Jean Back,Amateur,Robi Gottlieb-Cahen Minute Storie,Robi Gottlieb-Cahen,Minute Storie,None,None,None
Macedonia,Rumena Bužarovska Scribbles; Wisdom Tooth / Goce Smilevski Sigmund Freud’s Sister; Conversation with Spinoza / Elizabeta Bakovska On the way to Damascus,Rumena Bužarovska Scribbles; Wisdom Tooth,Rumena Bužarovska,Scribbles; Wisdom Tooth,Goce Smilevski Conversation with Spinoza,Goce Smilevski,Conversation with Spinoza,Elizabeta Bakovska On the way to Damascu,Elizabeta Bakovska,On the way to Damascu
Madagascar,ed. Jacques Bourgeacq and Liliane Ramarosoa Voices from Madagascar / Naivo Beyond the Rice Fields,ed. Jacques Bourgeacq and Liliane Ramarosoa Voices from Madagascar,ed. Jacques,Bourgeacq and Liliane Ramarosoa Voices from Madagascar,Naivo Beyond the Rice Field,Naivo Beyond,the Rice Field,None,None,None
Malawi,Samson Kambalu The Jive Talker / Aubrey Kachingwe No Easy Task,Samson Kambalu The Jive Talker,Samson Kambalu,The Jive Talker,Aubrey Kachingwe No Easy Tas,Aubrey Kachingwe,No Easy Tas,None,None,None
Malaysia,Shih-Li Kow Ripples and Other Stories / A Samad Said / Adibah Amin This End of The Rainbow / Dina Zaman King of the Sea,Shih-Li Kow Ripples and Other Stories,Shih-Li Kow,Ripples and Other Stories,ASamad Said,ASamad Said,,Adibah Amin This End of The Rainbow,Adibah Amin,This End of The Rainbow
Maldives,Abdullah Sadiq Dhon Hiyala and Ali Fulhu,Abdullah Sadiq Dhon Hiyala and Ali Fulh,Abdullah Sadiq,Dhon Hiyala and Ali Fulh,None,None,None,None,None,None
Mali,Amadou Hampâté Bâ The Strange Destiny of Wangrin / Yambo Ouloguem Bound to Violence,Amadou Hampâté Bâ The Strange Destiny of Wangrin,Amadou Hampâté,Bâ The Strange Destiny of Wangrin,Yambo Ouloguem Bound to Violence,Yambo Ouloguem,Bound to Violence,Kris Holloway,Kris Holloway,Monique and the Mango Rains
Malta,Immanuel Mifsud Happy Weekend / Pierre Mejlak / Simon Bartolo / Oliver Friggieri / Herbert Ganado My Century / Trevor Zahra / Kilin (Mikiel Spiteri),Immanuel Mifsud Happy Weekend,Immanuel Mifsud,Happy Weekend,Pierre Mejlak,Pierre Mejlak,,Simon Bartolo,Simon Bartolo,None
Mauritania,Mohamed Bouya Bamba Angels of Mauritania and the Curse of the Language / Mbarek Ould Beyrouk The Desert and the Drum,Mohamed Bouya Bamba Angels of Mauritania and the Curse of the Language,Mohamed Bouya,Bamba Angels of Mauritania and the Curse of the Language,Mbarek Ould Beyrouk The Desert and the Dru,Mbarek Ould,Beyrouk The Desert and the Dru,None,None,None
Mauritius,Anand Mulloo Watch Them Go Down / Barlen Pyamootoo Benares,Anand Mulloo Watch Them Go Down,Anand Mulloo,Watch Them Go Down,Barlen Pyamootoo Benare,Barlen Pyamootoo,Benare,None,None,None
Mexico,Juan Pablo Villalobos Down the Rabbit Hole / Octavio Paz The Labyrinth of Solitude (trans. Lysander Kemp) / Laura Esquivel Like Water for Chocolate (trans. Carol Christensen and Thomas Christensen) / Martín Solares The Black Minutes / Carlos Fuentes / Jorge Volpi / Rosario Castellanos / Carmen Boullosa / Mario Bellatín / Elena Garro / Juan Rulfo / Elena Poniatowska / Sergio Pitol / Juan Rulfo Pedro Paramo / Valeria Luiselli Faces in the Crowd / Fernanda Melchor Hurricane Season,Juan Rulfo Pedro Paramo,Juan Rulfo,Pedro Paramo,Juan Pablo Villalobos Down the Rabbit Hole,Juan Pablo,Villalobos Down the Rabbit Hole,Octavio Paz The Labyrinth of Solitude,Octavio Paz,The Labyrinth of Solitude
Federated States Of Micronesia,Luelen Bernart The Book of Luelen,Luelen Bernart The Book of Luele,Luelen Bernart,The Book of Luele,None,None,None,None,None,None
Republic Of Moldova,Ion Drutse Moldavian Autumn; The Story of an Ant / Vladimir Lorchenkov The Good Life Elsewhere,Ion Drutse Moldavian Autumn; The Story of an Ant,Ion Drutse,Moldavian Autumn; The Story of an Ant,Vladimir Lorchenkov The Good Life Elsewhere,Vladimir Lorchenkov,The Good Life Elsewhere,None,None,None
Monaco,ed. Richard and Danae Projetti Grace Kelly: Princesse du Cinema,ed. Richard and Danae Projetti Grace Kelly: Princesse du Cinem,ed. Richard,and Danae Projetti Grace Kelly: Princesse du Cinem,None,None,None,None,None,None
Mongolia,Galsan Tschinag The Blue Sky,Galsan Tschinag The Blue Sk,Galsan Tschinag,The Blue Sky,Louisa Waugh Hearing Birds Fly,Louisa Waugh,Hearing Birds Fly,Jack Weatherford Genghis Khan and the Quest for God,Jack Weatherford,Genghis Khan and the Quest for God
Montenegro,Petar II Petrovi?-Njegoš The Mountain Wreath / Andrej Nikolaidis / Xenia Popovich A Lullaby for No Man’s Wolf,Petar II Petrovich-Njegosh The Mountain Wreath,Petar II,Petrovich-Njegosh The Mountain Wreath,Andrej Nikolaidis,Andrej Nikolaidis,,Xenia Popovich A Lullaby for No Man’s Wol,Xenia Popovich,A Lullaby for No Man’s Wol
Morocco,Diss Chraïbi Heirs to the Past; Le Passé Simple (The Simple Past) / Tahar Ben Jelloun The Sacred Night; The Sand Child; This Blinding Absence of Light (trans. Linda Coverdale); A Palace in the Old Village (trans. Linda Coverdale) / Bensalem Himmich The Polymath / Mohammed Achaari The Arch and the Butterfly / Fatima Mernissi / Muhammad Shukri For Bread Alone / Muhammad Barrada The Game of Forgetting,Diss Chraïbi Heirs to the Past; Le Passé Simple (The Simple Past),Diss Chraïbi,Heirs to the Past; Le Passé Simple (The Simple Past),TaharBen Jelloun The Sacred Night,TaharBen Jelloun,The Sacred Night,Bensalem Himmich The Polymath,Bensalem Himmich,The Polymath
Mozambique,Mia Couto The Sleepwalking Land; Under the Frangipani / Paulina Chiziane Niketche / Ungulani Ba Ka Khosa Ualalapi / Luis Bernardo Honwana We Killed Mangy Dog / Paulina Chiziane The First Wife,Mia Couto The Sleepwalking Land; Under the Frangipani,Mia Couto,The Sleepwalking Land; Under the Frangipani,Paulina Chiziane Niketche,Paulina Chiziane,Niketche,Ungulani Ba Ka Khosa Ualalapi,Ungulani Ba,Ka Khosa Ualalapi
Myanmar,Cho Tu Zaw / Ma Thida / Nu Nu Yi Inwa Smile as they Bow,Amitav Ghosh The Glass Palace,Amitav Ghosh,The Glass Palace,Ma Thida,Ma Thida,None,Nu Nu Yi Inwa Smile as they Bo,Nu Nu,Yi Inwa Smile as they Bo
Namibia,Joseph Diescho Troubled Waters / Neshani Andreas The Purple Violet of Oshaantu,Joseph Diescho Troubled Waters,Joseph Diescho,Troubled Waters,Neshani Andreas The Purple Violet of Oshaant,Neshani Andreas,The Purple Violet of Oshaant,Neshani Andreas The Purple Violet of Oshaantu,Neshani Andreas,The Purple Violet of Oshaantu
Nauru,"Timothy Detudamo Legends, Traditions and Tales of Nauru / Ben Bam Solomon et al Stories from Nauru","Timothy Detudamo Legends, Traditions and Tales of Nauru",Timothy Detudamo,"Legends, Traditions and Tales of Nauru",Ben Bam Solomon et al Stories from Naur,Ben Bam,Solomon et al Stories from Naur,None,None,None
Nepal,Samrat Upadhyay Buddha’s Orphans / Ajit Baral The Lazy Conman and Other Stories / Parijat Blue Mimosa / Jagadish Ghimire Antarman ko yatra / Prajwal Parajuly The Gurkha’s Daughter,Samrat Upadhyay Buddha’s Orphans,Samrat Upadhyay,Buddha’s Orphans,Ajit Baral The Lazy Conman and Other Stories,Ajit Baral,The Lazy Conman and Other Stories,Parijat Blue Mimosa,Parijat Blue,Mimosa
Netherlands,Harry Mulisch The Discovery of Heaven / Cees Noteboom Lost Paradise; All Souls’ Day; Rituals / Tessa de Loo / Gerbrand Bakker The Twin / Kader Abdolah The House of the Mosque / Abdelkader Benali / Jan van Mersbergen Tomorrow Pamplona / Arthur Japin The Two Hearts of Kwasi Boachi / Tommy Wieringa Little Caesar / Bernlef Out of Mind / Jan Wolkers Turkish Delight / WF Hermans The Darkroom of Damocles / Arnon Grunberg Tirza; Skin and Hair / Esther Gerritsen Craving / Nescio Amsterdam Stories / Gerard Reve The Evenings / Herman Koch Dear Mr M,Harry Mulisch The Discovery of Heaven,Harry Mulisch,The Discovery of Heaven,Cees Noteboom Lost Paradise; All Souls’ Day; Rituals,Cees Noteboom,Lost Paradise; All Souls’ Day; Rituals,Tessa de Loo,Tessa de,Loo
New Zealand,Zealand Charlotte Grimshaw Singularity / Maurice Shadbolt Season of the Jew / Keri Hulme The Bone People / Lloyd Jones Mr Pip / Alan Duff Once Were Warriors / Witi Ihimaera Tangi / Janet Frame / Patricia Grace Potiki / Eleanor Catton The Luminaries,Zealand Charlotte Grimshaw Singularity,Zealand Charlotte,Grimshaw Singularity,Maurice Shadbolt Season of the Jew,Maurice Shadbolt,Season of the Jew,Keri Hulme The Bone People,Keri Hulme,The Bone People
Nicaragua,Gioconda Belli Infinity in the Palm of her Hand,Gioconda Belli Infinity in the Palm of her Han,Gioconda Belli,Infinity in the Palm of her Han,Stephen Kinzer Blood of Brothers,Stephen Kinzer,Blood of Brothers,None,None,None
Niger,recounted by Nouhou Malio The Epic of Askia Mohammed,Nouhou Malio The Epic of Askia Mohamme,Nouhou Malio,The Epic of Askia Mohamme,Cheryl Olkes In Sorcery's Shadow,Cheryl Olkes,In Sorcery's Shadow,None,None,None
Nigeria,Wole Soyinka The Interpreters; Season of Anomy / Toyin Falola A Mouth Sweeter than Salt / Lola Shoneyin The Secret Lives of Baba Segi’s Wives / Chimamanda Ngozi Adichie Americanah; Half of a Yellow Sun / Chinua Achebe Things Fall Apart,Wole Soyinka The Interpreters; Season of Anomy,Wole Soyinka,The Interpreters; Season of Anomy,Toyin Falola A Mouth Sweeter than Salt,Toyin Falola,A Mouth Sweeter than Salt,Lola Shoneyin The Secret Lives of Baba Segi’s Wives,Lola Shoneyin,The Secret Lives of Baba Segi’s Wives
"Korea, Democratic People's Republic of",Korea Ri In Mo My Life and Faith / Kye Wol Hyang,Kim Yong Long Road Home,Kim Yong,Long Road Home,Barbara Demick Nothing to Envy,Barbara Demick,Nothing to Envy,None,None,None
Norway,Karl Ove Knausgaard My Struggle / Per Petterson To Siberia; Out Stealing Horses (trans. Ann Born) / Knut Hamsun Hunger / Lars Saabye Christensen The Half Brother / Jan Wiese The Naked Madonna / Linn Ullmann Before You Sleep / Agnar Mykle Lasso Round the Moon / Gerd Brantenberg Egalia’s Daughters / Sigrid Undset Kristin Lavransdatter (trans. Tiina Nunnally) / Carl Frode Tiller Encircling / Tarjei Vesaas The Ice Palace / Helga Flatland A Modern Family,Karl Ove Knausgaard My Struggle,Karl Ove,Knausgaard My Struggle,Per Petterson To Siberia; Out Stealing Horses (trans. Ann Born),Per Petterson,To Siberia; Out Stealing Horses (trans. Ann Born),Knut Hamsun Hunger,Knut Hamsun,Hunger
Oman,"Ibrahim Farghali Smiles of Saints / Khadija bint Alawi Al-Dhahab My Grandmother’s Stories / Unni Wikan Behind the Veil in Arabia: Women in Oman / Abdulaziz Al Farsi Earth Weeps, Saturn Laughs",Ibrahim Farghali Smiles of Saints,Ibrahim Farghali,Smiles of Saints,Khadijabint Alawi Al-Dhahab My Grandmother’s Stories,Khadijabint Alawi,Al-Dhahab My Grandmother’s Stories,Unni Wikan Behind the Veil in Arabia: Women in Oman,Unni Wikan,Behind the Veil in Arabia: Women in Oman
Pakistan,"Mohsin Hamid Moth Smoke; The Reluctant Fundamentalist / Sara Suleri Meatless Days / Bapsi Sidhwa Ice Candy Man; An American Brat; The Pakistani Bride/ Bina Shah A Season for Martyrs; Slum Child / Jamil Ahmad The Wandering Falcon / Daniyal Mueenuddin In Other Rooms, Other Wonders / HM Naqvi Home Boy / Uzma Aslam Khan / Musharraf Ali Farooqi The Story of a Widow; Between Clay and Dust / Ali Sethi The Wish Maker / Kamila Shamsie Kartography; Broken Verses; Burnt Shadows / Mohammed Hanif / Bina Shah A Season for Martyrs",Mohsin Hamid Moth Smoke; The Reluctant Fundamentalist,Mohsin Hamid,Moth Smoke; The Reluctant Fundamentalist,Sara Suleri Meatless Days,Sara Suleri,Meatless Days,Bapsi Sidhwa Ice Candy Man; An American Brat; The Pakistani Brid,Bapsi Sidhwa,Ice Candy Man; An American Brat; The Pakistani Brid
Palau,Susan Kloulechad Spirits’ Tides,Susan Kloulechad Spirits’ Tide,Susan Kloulechad,Spirits’ Tide,None,None,None,None,None,None
Palestinian Territory,"Ibtisam Barakat Tasting the Sky: A Palestinian Childhood / Sahar Khalifeh Wild Thorns / Susan Abulhawa Mornings in Jenin / Mahmoud Shukair Mordechai’s Moustache and his Wife’s Cats, and Other Stories",Ibtisam Barakat Tasting the Sky: A Palestinian Childhood,Ibtisam Barakat,Tasting the Sky: A Palestinian Childhood,Sahar Khalifeh Wild Thorns,Sahar Khalifeh,Wild Thorns,Susan Abulhawa Mornings in Jenin,Susan Abulhawa,Mornings in Jenin
Panama,Juan David Morgan The Golden Horse / Carlos Russell,Juan David Morgan The Golden Horse,Juan David,Morgan The Golden Horse,Carlos Russel,Carlos Russel,,None,None,None
Papua New Guinea,New Guinea Russell Soaba Maiba / Regis Stella Gutsini Posa; Mata Sara / Russell Soaba Maiba / Bernard Narokobi Two Seasons / Vincent Eri The Crocodile / Nash Sorariba / Michael Somare Sana /,New Guinea Russell Soaba Maiba,New Guinea,Russell Soaba Maiba,Regis Stella Gutsini Posa; Mata Sara,Regis Stella,Gutsini Posa; Mata Sara,Russell Soaba Maiba,Russell Soaba,Maiba
Paraguay,"Augusto Roa Bastos I, the Supreme","Augusto Roa Bastos I, the Suprem",Augusto Roa,"Bastos I, the Suprem",None,None,None,None,None,None
Peru,"Mario Vargas Llosa Death in the Andes; Aunt Julia and the Scriptwriter (trans. Ursule Molinaro, Hedwig Rappolt); The Storyteller (trans. Helen Lane) / Jaime Bayly / José María Arguedas / Santiago Roncagliolo",Mario Vargas Llosa Death in the Andes,Mario Vargas,Llosa Death in the Andes,Mario Llosa the City and the Dogs,Mario Vargas Llosa,The City and the Dogs,José María Arguedas,José María,Arguedas
Philippines,Charlson Ong / Joel Toledo / Miguel Syjuco Illustrado / F Sionil José / Jessica Hagedorn Dogeaters / Bino Realuyo The Umbrella Country / Ninotchka Rosca State of War / Azucena Grajo Uranza Bamboo in the Wind / Marivi Soliven The Mango Bride,FSionil José Dusk,F Sionil José,Dusk,Joel Toledo,Gina Apostol,Insurrecto,Miguel Syjuco Illustrado,Miguel Syjuco,Illustrado
Poland,"Stanislaw Lem / Olga Tokarczuk Primeval and Other Times; House of Day, House of Night / Pawel Huelle Cold Sea Tales; Castorp; The Last Supper; Mercedes Benz/ Zygmunt Miloszewski Entanglement; A Grain of Truth/ Witold Gombrowicz Pornografia / Wies?aw My?liwski Stone upon Stone / Magdalena Tulli In Red / Dorota Maslowska Snow White and Russian Red / Marek Krajewski The Eberhard Mock books / Grazyna Plebanek Illegal Liaisons / Antoni Libera Madame / Andrzej Stasiuk On the Road to Babadag; Dukla; Fado; Nine; White Raven / Stefan Chwin Death in Danzig / Michal Witkowski Lovetown / Jacek Hugo-Bader White Fever / Wojciech Jagielski The Night Wanderers / Kazimierz Moczarski Conversations with an Executioner / Wojciech Tochman Like Eating a Stone / Olga Tokarczuk Flights",Stanislaw Lem,Stanislaw Lem,None,"Olga Tokarczuk Primeval and Other Times; House of Day, House of Night",Olga Tokarczuk,"Primeval and Other Times; House of Day, House of Night",Pawel Huelle Cold Sea Tales; Castorp; The Last Supper; Mercedes Ben,Pawel Huelle,Cold Sea Tales; Castorp; The Last Supper; Mercedes Ben
Portugal,Eca de Queiroz The Mandarin and Other Stories / José Saramago Blindness; The Year of the Death of Ricardo Reis; The Gospel According to Jesus Christ / Fernando Pessoa / Pero Vaz de Caminha Carta de Pêro Vaz de Caminha / Agustina Bessa-Luís,Eca de Queiroz The Mandarin and Other Stories,Eca de,Queiroz The Mandarin and Other Stories,José Saramago Blindness; The Year of the Death of Ricardo Reis; The Gospel According to Jesus Christ,José Saramago,Blindness,Fernando Pessoa,Fernando Pessoa,None
Puerto Rico,None,Esmeralda Santiago Conquistadora,Esmeralda Santiago,Conquistadora,None,None,None,None,None,None
Qatar,Mohammed Ali Victory over Abu Derya: The Quest for Pearls in the Arabian Gulf / Abdul Aziz Al Mahmoud The Corsair,Mohammed Ali Victory over Abu Derya: The Quest for Pearls in the Arabian Gulf,Mohammed Ali,Victory over Abu Derya: The Quest for Pearls in the Arabian Gulf,Abdul Aziz Al Mahmoud The Corsai,Abdul Aziz,Al Mahmoud The Corsai,None,None,None
Romania,Herta Müller The Passport / Filip and Matei Florian The Baiut Alley Lads / Mircea Cartarescu / Mircea Eliade / Bogdan Teodorescu Sword,Herta Müller The Passport,Herta Müller,The Passport,Filip and Matei Florian The Baiut Alley Lads,Filip and,Matei Florian The Baiut Alley Lads,Mircea Cartarescu,Mircea Cartarescu,None
Russian Federation,Alina Bronsky The Hottest Dishes of the Tartar Cuisine / Aleksandr Solzhenitsyn One Day in the Life of Ivan Denisovich (trans. Ralph Parker) / Vladimir Sorokin Day of the Oprichnik / Mikhail Lermontov A Hero of Our Time / Mikhail Bulgakov The Master and Margarita (trans. Michael Glenny) / Roman Senchin MINUS / Alan Cherchesov Requiem for the Living /Off the Beaten Tracks: Stories by Russian Hitchhikers / Oleg Zaionchkovski Happiness is Possible / PD Ouspensky Strange Life of Ivan Osokin / Alan Cherchesov Requiem for the Living / Leo Tolstoy Anna Karenina / Guzel Yakhina Zuleikha,Alina Bronsky The Hottest Dishes of the Tartar Cuisine,Fyodor Dostoevsky,Crime and Punishment,Aleksandr Solzhenitsyn One Day in the Life of Ivan Denisovich,Aleksandr Solzhenitsyn,One Day in the Life of Ivan Denisovich,Vladimir Sorokin Day of the Oprichnik,Leo Tolstoy,Anna Karenina
Rwanda,Philip Gourevitch We Wish to Inform You that Tomorrow We Will Be Killed with our Families / Jean Hatzfeld Into the Quick of Life / Barassa Teta / John Rusimbi By the Time She Returned / Gilbert Gatore The Past Ahead / Gaël Faye Small Country,Philip Gourevitch We Wish to Inform You that Tomorrow We Will Be Killed with our Families,Philip Gourevitch,We Wish to Inform You that Tomorrow We Will Be Killed with our Families,Jean Hatzfeld Into the Quick of Life,Jean Hatzfeld,Into the Quick of Life,Barassa Teta,Barassa Teta,None
Saint Kitts And Nevis,Kitts and Nevis Caryl Phillips / Bertram Roach Only God Can Make a Tree,Kitts and Nevis Caryl Phillips,Kitts and,Nevis Caryl Phillips,Bertram Roach Only God Can Make a Tre,Bertram Roach,Only God Can Make a Tre,None,None,None
Saint Lucia,"Lucia Derek Walcott Omeros / Garth St Omer A Room on the Hill; Shades of Grey; Nor Any Country; J-, Black Bam and the Masqueraders / Dr Earl Long Consolation; Voices from a Drum / McDonald Dixon Season of Mist / Michael Aubertin Neg Maron",Lucia Derek Walcott Omeros,Lucia Derek,Walcott Omeros,"Garth StOmer A Room on the Hill; Shades of Grey; Nor Any Country; J-, Black Bam and the Masqueraders",Garth StOmer,"A Room on the Hill; Shades of Grey; Nor Any Country; J-, Black Bam and the Masqueraders",Dr Earl Long Consolation; Voices from a Drum,Dr Earl,Long Consolation; Voices from a Drum
Saint Vincent And The Grenadines,Vincent and the Grenadines H Nigel Thomas Spirits in the Dark; Behind the Face of Winter; Return to Arcadia / George Thomas Ruler in Hairoona / Cecil Browne The Moon is Following Me / Richard Byron-Cox Were Mama’s Tears in Vain? / Marcia King-Gamble / Trish St Hill / Nickie Williams /,H Nigel Thomas Spirits in the Dark,H Nigel,Thomas Spirits in the Dark,George Thomas Ruler in Hairoona,George Thomas,Ruler in Hairoona,Cecil Browne The Moon is Following Me,Cecil Browne,The Moon is Following Me
Samoa,Misa Telefoni Retzlaff Love and Money / Lani Wendt Young Telesa: The Covenant Keeper / Albert Wendt The Adventures of Vela; Sons for the Return Home; Pouliuli / Sia Figiel Where We Once Belonged; The Girl in the Moon Circle; They Who do not Grieve,Misa Telefoni Retzlaff Love and Money,Misa Telefoni,Retzlaff Love and Money,Lani Wendt Young Telesa: The Covenant Keeper,Lani Wendt,Young Telesa: The Covenant Keeper,Albert Wendt The Adventures of Vela; Sons for the Return Home; Pouliuli,Albert Wendt,The Adventures of Vela; Sons for the Return Home; Pouliuli
San Marino,Marino Giuseppe Rossi The Republic of San Marino,Marino Giuseppe Rossi The Republic of San Marin,Marino Giuseppe,Rossi The Republic of San Marin,None,None,None,None,None,None
Sao Tome And Principe,Tome and Principe Olinda Beja The Shepherd’s House,Tome and Principe Olinda Beja The Shepherd’s Hous,Tome and,Principe Olinda Beja The Shepherd’s Hous,None,None,None,None,None,None
Saudi Arabia,Rajaa Al-Sanea Girls of Riyadh / Raja Alem My Thousand and One Nights: A Novel of Mecca / Abdul Rahman Munif Endings; Cities of Salt; The Trench; Variations on Night and Day / ed. Abubaker Bagader Voices of Change / Ghazi Abdul Rahman Al Gosaibi,Rajaa Al-Sanea Girls of Riyadh,Rajaa Al-Sanea,Girls of Riyadh,Raja Alem My Thousand and One Nights: A Novel of Mecca,Raja Alem,My Thousand and One Nights: A Novel of Mecca,Abdul Rahman Munif Endings; Cities of Salt; The Trench; Variations on Night and Day,Abdul Rahman,Munif Endings; Cities of Salt; The Trench; Variations on Night and Day
Senegal,Mariama Bâ So Long a Letter / Ken Bugul Riwan ou Le Chemin de Sable (Riwan or The Path of Sand) / Boubacar Boris Diop Doomi Golo: The Hidden Notebooks,Mariama Bâ So Long a Letter,Mariama Bâ,So Long a Letter,Ken Bugul Riwan ou Le Chemin de Sable (Riwan or The Path of Sand),Ken Bugul,Riwan ou Le Chemin de Sable (Riwan or The Path of Sand),Boubacar Boris Diop Doomi Golo: The Hidden Notebook,Boubacar Boris,Diop Doomi Golo: The Hidden Notebook
Serbia,Milos Crnjanski A Novel About London; Migrations / Danilo Kiš / David Albahari Bait / Milorad Pavic Dictionary of the Khazars / Srdjan Valjarevic Lake Como / Zoran Živkovi?,Milos Crnjanski A Novel About London; Migrations,Milos Crnjanski,A Novel About London; Migrations,Danilo Kiš,Danilo Kiš,None,David Albahari Bait,David Albahari,Bait
Seychelles,Glynn Burridge Voices / William Travis Beyond the Reefs; Shark for Sale,Glynn Burridge Voices,Glynn Burridge,Voices,William Travis Beyond the Reefs; Shark for Sal,William Travis,Beyond the Reefs; Shark for Sal,None,None,None
Sierra Leone,Leone Aminatta Forna The Memory of Love / Ishmael Beah A Long Way Gone,Leone Aminatta Forna The Memory of Love,Leone Aminatta,Forna The Memory of Love,Ishmael Beah A Long Way Gon,Ishmael Beah,A Long Way Gon,None,None,None
Singapore,Su-Chen Christine Lim Fistful of Colours,Su-Chen Christine Lim Fistful of Colour,Su-Chen Christine,Lim Fistful of Colour,None,None,None,None,None,None
Slovakia,Pavol Rankov / Peter Piš?anek Rivers of Babylon / Daniela Kapitánová Samko Tale’s Cemetery Book / Jana Be?ová Seeing People Off,Pavol Rankov,Dominika Dery,The Twelve Little Cakes,Isabel Fonseca,Isabel Fonseca,Bury Me Standing,Daniela Kapitánová Samko Tale’s Cemetery Book,Colum McCann,Zoli
Slovenia,"Slavoj Žižek / Nataša Kramberger Heaven in a Blackberry Bush, a Novel in Stories / Andrej Blatnik You do Understand / Andrej Skubic Fužine Blues / Miha Mazzini The German Lottery / Vladimir Bartol Alamut / Luka Novak The Golden Shower or What Men Want / Vladimir Bartol Alamut",Ciril Kosmac,Ciril Kosmac,A Day in Spring,"Nataša Kramberger Heaven in a Blackberry Bush, a Novel in Stories",Nataša Kramberger,Heaven in a Blackberry Bush,Andrej Blatnik You do Understand,Andrej Blatnik,You do Understand
Somalia,Nuruddin Farah Secrets; Sweet and Sour Milk,Nuruddin Farah Secrets,Nuruddin Farah,Secrets,None,None,None,None,None,None
South Africa,"Gavin Evans Dancing Shoes is Dead / Ingrid Winterbach The Book of Happenstance / Damon Galgut The Quarry / Kgebetli Moele The Book of the Dead / Diane Awerbuck Cabin Fever / Siphiwo Mahala African Delights / Henrietta Rose-Innes Nineveh / Ivan Vladislavic The Loss Library / Nelson Mandela The Long Walk to Freedom / Alan Paton Cry, the Beloved Country / Bryce Courtenay The Power of One / Dalene Matthee Fiela’s Child; Circles in the Forest",Gavin Evans Dancing Shoes is Dead,Gavin Evans,Dancing Shoes is Dead,Ingrid Winterbach The Book of Happenstance,Ingrid Winterbach,The Book of Happenstance,Damon Galgut The Quarry,Damon Galgut,The Quarry
"Korea, Republic of",Hwang Sok-yong The Guest; The Old Garden / Lee Hye-Kyung A House on the Road / Shin Kyung-Sook Please Look After Mom / Han Kang The Vegetarian,Hwang Sok-yong The Guest; The Old Garden,Hwang Sok-yong,The Guest,Han Kang the Vegetarian,Han Kang,The Vegetarian,Shin Kyung-Sook Please Look After Mom,Shin Kyung-Sook,Please Look After Mom
South Sudan,Julia Duany ‘To Forgive is Divine Not Human’,Julia Duany To Forgive is Divine Not Human,Julia Duany,To Forgive is Divine Not Human,Linda Park A long Walk to Water,Linda Sue Park,A Long Walk to Water,None,None,None
Spain,Delibes Five Hours with Mario / Javier Cercas Soldiers of Salamis; The Anatomy of a Moment (trans. Anne McClean) / Alberto Mendez The Blind Sunflowers / Miguel de Cervantes Don Quixote (trans. Edith Grossman) / Carlos Ruiz Zafón The Shadow of the Wind / Enrique Vila-Matas Dublinesque / Juan Goytisolo Exiled from Almost Everywhere / Antonio Muñoz Molina Sefarad / Javier Marías The Infatuations / Juan Marsé The Snares of Memory,Delibes Five Hours with Mario,Delibes Five,Hours with Mario,Javier Cercas Soldiers of Salamis,Javier Cercas,Soldiers of Salamis,Alberto Mendez The Blind Sunflowers,Alberto Mendez,The Blind Sunflowers
Sri Lanka,Lanka Romesh Gunesekera Reef / Carl Muller The Jam Fruit Tree / Shehan Karunatilaka Chinaman / Ru Freeman A Disobedient Girl / Siri Gunasinghe The Shadow / Kathleen Jayawardena Circles of Fire / S Ponnuthurai Ritual / Sunethra Rajakarunanayake Metta / Keerthi Welisarage The Doomed / Martin Wickramasinghe,Lanka Romesh Gunesekera Reef,Lanka Romesh,Gunesekera Reef,Carl Muller The Jam Fruit Tree,Carl Muller,The Jam Fruit Tree,Shehan Karunatilaka Chinaman,Shehan Karunatilaka,Chinaman
Sudan,Amir Tag Elsir The Grub Hunter / Tarek Eltayeb The Palm House / Tayeb Salih Season of Migration to the North / Leila Aboulela Minaret,Amir Tag Elsir The Grub Hunter,Amir Tag,Elsir The Grub Hunter,Tarek Eltayeb The Palm House,Tarek Eltayeb,The Palm House,Tayeb Salih Season of Migration to the North,Tayeb Salih,Season of Migration to the North
Suriname,Cynthia Mcleod The Cost of Sugar; The Free Negress,Cynthia Mcleod The Cost of Sugar; The Free Negres,Cynthia Mcleod,The Cost of Sugar; The Free Negres,Anton de Kom,Anton de Kom,We Slaves of Surinam,None,None,None
Swaziland,Sarah Mkhonza Weeding the Flowerbeds,Sarah Mkhonza Weeding the Flowerbed,Sarah Mkhonza,Weeding the Flowerbed,None,None,None,None,None,None
Sweden,Henning Mankell Chronicler of the Winds / Per Olov Enquist The March of the Musicians (trans. Joan Tate); The Story of Blanche and Marie / Jens Lapidus Easy Money / Karin Altenberg Island of Wings / Jonas Hassen Khemiri Montecore / Hjalmar Soderberg Doctor Glas / Lotta Lotass / Amelie Posse / John Ajvide Lindqvist Let the Right One In / Jonas Jonasson The Hundred-Year-Old Man Who Climbed Out of the Window and Disappeared / Lena Andersson Wilful Disregard,Henning Mankell Chronicler of the Winds,Henning Mankell,Chronicler of the Winds,Per Olov Enquist The March of the Musicians (trans. Joan Tate); The Story of Blanche and Marie,Per Olov,Enquist The March of the Musicians (trans. Joan Tate); The Story of Blanche and Marie,Jens Lapidus Easy Money,Jens Lapidus,Easy Money
Switzerland,Friedrich Dürrenmatt The Pledge / Hansjörg Schertenlieb A Happy Man / Gottfried Keller A Village Romeo and Juliet / Annemarie Schwarzenbach / Friedrich Glauser In Matto’s Realm / Peter Bichsel Children’s Stories / Aglaja Veteranyi Why the Child is Cooking in the Polenta / Hugo Loetscher Noah / Gerhard Meier Isle of the Dead / Charles-Ferdinand Ramuz Beauty on Earth,Friedrich Dürrenmatt The Pledge,Friedrich Dürrenmatt,The Pledge,Hansjörg Schertenlieb A Happy Man,Hansjörg Schertenlieb,A Happy Man,Gottfried Keller A Village Romeo and Juliet,Gottfried Keller,A Village Romeo and Juliet
Syrian Arab Republic,Fadi Azzam Sarmada / Zakaria Tamer Breaking Knees / Ghadda Samman / Rafik Schami Damascus Nights / Hassan Bahri / Hanna Mina Sun on a Cloudy Day / Khaled Khalifa In Praise of Hatred,Fadi Azzam Sarmada,Fadi Azzam,Sarmada,Zakaria Tamer Breaking Knees,Zakaria Tamer,Breaking Knees,Khaled Khalifa In Praise of Hatred,Khaled Khalifa,In Praise of Hatred
Taiwan,Su Wei-chen / Pai Hsien-yung Crystal Boys,Wu Ming-Yi The Stolen Bicycle,Wu Ming-Yi,The Stolen Bicycle,Pai Hsien-yung Crystal Boy,Pai Hsien-yung,Crystal Boy,None,None,None
Tajikistan,Andrei Volos Hurramabad / Sadriddin Aini The Sands of Oxus: Boyhood Reminiscences of Sadriddin Aini,Andrei Volos Hurramabad,Andrei Volos,Hurramabad,Sadriddin Aini The Sands of Oxus: Boyhood Reminiscences of Sadriddin Ain,Sadriddin Aini,The Sands of Oxus: Boyhood Reminiscences of Sadriddin Ain,None,None,None
"Tanzania, United Republic of","Muhammed Said Abdulla / Abdulrazak Gurnah Desertion / Edwin Semzaba / Ismael Mbise Blood on Our Land / Agoro Anduru / Adam Shafi / Bethsaida Orphan Girls’ Secondary School Their Voices, Their Stories / Sophia Mustafa Broken Reed / Tengio Urrio The Girl from Uganda / S Ndunguru The Lion of Yola / Ronny Mintjens More Than a Game",Muhammed Said Abdulla,Muhammed Said,Abdulla,Abdulrazak Gurnah Desertion,Abdulrazak Gurnah,Desertion,Edwin Semzaba,Edwin Semzaba,None
Thailand,Chart Korbjitti The Judgement; No Way Out; Time; Mad Dogs & Co / Kukrit Pramoj / Kampoon Boontawee A Child of the Northeast / Saneh Sangsuk The White Shadow: Portrait of the Artist as a Young Rascal,Chart Korbjitti The Judgement,Chart Korbjitti,The Judgement,Kukrit Pramoj,Kukrit Pramoj,Four Reigns,Kampoon Boontawee A Child of the Northeast,Pitchaya Sudbanthad,Bangkok Wakes to Rain
Togo,Jeanette D Ahonsou / Pyabelo Chaold Kouly / Tété-Michel Kpomassie An African in Greenland,Jeanette Ahonsou,Jeanette Ahonsou,None,Pyabelo Chaold Kouly,Pyabelo Chaold,Kouly,Tété-Michel Kpomassie An African in Greenlan,Tété-Michel Kpomassie,An African in Greenlan
Tonga,Joshua Taumoefolau A Providence of War / Epeli Hau’ofa Tales of the Tikongs,Joshua Taumoefolau A Providence of War,Joshua Taumoefolau,A Providence of War,Epeli Hau’ofa Tales of the Tikong,Epeli Hau’ofa,Tales of the Tikong,None,None,None
Trinidad And Tobago,and Tobago VS Naipaul A House for Mr Biswas; In a Free State / Monique Roffey The White Woman on the Green Bicycle / Robert Antoni / Keith Jardim Near Open Water / Earl Lovelace Is Just a Movie / Vahni Capildeo One Scattered Skeleton / Errol John Moon on a Rainbow Shawl,Sam Selvon The Lonely Londoners,Sam Selvon,The Lonely Londoners,Monique Roffey The White Woman on the Green Bicycle,Monique Roffey,The White Woman on the Green Bicycle,Robert Antoni,Robert Antoni,None
Tunisia,Habib Selmi The Scents of Marie-Claire / Abdelwahab Meddeb Talismano / Hassouna Mosbahi A Tunisian Tale / Ali Douagi / Mahmoud Messadi,Habib Selmi The Scents of Marie-Claire,Habib Selmi,The Scents of Marie-Claire,Abdelwahab Meddeb Talismano,Abdelwahab Meddeb,Talismano,Hassouna Mosbahi A Tunisian Tale,Hassouna Mosbahi,A Tunisian Tale
Turkey,Orhan Pamuk Snow / Latife Tekin Dear Shameless Death / Elif Shafak The Forty Rules of Love / Erendiz Atasu The Other Side of the Mountain / Murathan Mungan / Orhan Kemal / Halide Edip Ad?var / Re?at Nuri Güntekin / Refik Halit Karay / Sabahattin Ali / Ya?ar Kemal / Kemal Tahir / Fakir Baykurt / Sait Faik Abas?yan?k / Güneli Gün On the Road to Baghdad / Ahmet Hamdi Tanpinar The Time Regulation Institute / Sema Kaygusuz The Well of Trapped Words / Ahmet Altan Endgame,Orhan Pamuk Snow,Orhan Pamuk,Snow,Latife Tekin Dear Shameless Death,Latife Tekin,Dear Shameless Death,Elif Shafak The Forty Rules of Love,Elif Shafak,The Forty Rules of Love
Turkmenistan,John Kropf Unknown Sands / Ak Welsapar The Tale of Aypi; Cobra,John Kropf Unknown Sands,John Kropf,Unknown Sands,Ak Welsapar The Tale of Aypi,Ak Welsapar,The Tale of Aypi,None,None,None
Uganda,Okot p’Bitek Song of Lawino / Moses Isegawa Abyssinian Chronicles; Snakepit / Doreen Baingan Tropical Fish: Stories Out Of Entebbe / Jennifer Nansubuga Makumbi Kintu / Timothy Wangusa Upon This Mountain / Julius Ocwinyo Fate of the Banished; The Unfulilled Dream; Footprints of the Outsider / Goretti Kyomuhendo The First Daughter; Waiting; Secrets No More / Glaydah Namukasa Voice of Dream,Okot p’Bitek Song of Lawino,Okot p’Bitek,Song of Lawino,Moses Isegawa Abyssinian Chronicles,Moses Isegawa,Abyssinian Chronicles,Doreen Baingan Tropical Fish: Stories Out Of Entebbe,Doreen Baingan,Tropical Fish: Stories Out Of Entebbe
Ukraine,Andrey Kurkov Death and the Penguin / Theodore Odrach Wave of Terror / Nikolai Gogol Evenings on a Farm Near Dikanka,Andrey Kurkov Death and the Penguin,Andrey Kurkov,Death and the Penguin,Theodore Odrach Wave of Terror,Theodore Odrach,Wave of Terror,Nikolai Gogol Evenings on a Farm Near Dikank,Nikolai Gogol,Evenings on a Farm Near Dikank
United Arab Emirates,Qais Sedki Gold Ring / Maha Gargash The Sand Fish / Ameera Al Hakawati Desperate in Dubai / Mohammad Al Murr The Wink of the Mona Lisa; Dubai Tales,Qais Sedki Gold Ring,Qais Sedki,Gold Ring,Maha Gargash The Sand Fish,Maha Gargash,The Sand Fish,Ameera Al Hakawati Desperate in Dubai,Ameera Al,Hakawati Desperate in Dubai
United Kingdom,"Angus MacLellan Stories from South Uist / Christina Hall To the Edge of the Sea / Deborah Levy Swimming Home / Siân Melangell Dafydd Y Trydydd Peth / Vanessa Gebbie / Caryl Lewis Martha, Jack and Shanco / Virginia Woolf / Kazuo Ishiguro The Remains of the Day / JK Rowling / ed. Nikesh Shukla The Good Immigrant",Pride,Jane Austen,Pride and Prejudice,Jane Eyre,Charlotte Bronte,Jane Eyre,Frankenstein,Mary Shelley,Frankenstein
United States,Neil Gaiman American Gods / Sean Murphy The Time of New Weather / Norton Juster The Phantom Tollbooth / Michael Shaara The Killer Angels / Barbara Kingsolver The Poisonwood Bible / Cormac Mccarthy All the Pretty Horses / Eliot Weinberger / Jhumpa Lahiri / Amy Tan / Sandra Cisneros / Tomas Pynchon/ Hunter S Thompson Fear and Loathing in Las Vegas / Harriette Arnow The Dollmaker,F.Scott Fitzgerald The Great Gatsby,Ernest Hemingway,the Old Man and the Sea,Harper Lee To Kill a Mockingbird,Harper Lee,To Kill a Mockingbird,Toni Morrison,Toni Morrison,Beloved
Uruguay,Juan Carlos Onetti The Shipyard; The Pit and Tonight / Felisberto Hernández Lands of Memory / Rafael Courtoisie / Cristina Peri Rossi /Eduardo Galeano / Mario Benedetti / Horacio Quiroga The Decapitated Chicken,Juan Carlos Onetti The Shipyard; The Pit and Tonight,Juan Carlos,Onetti The Shipyard; The Pit and Tonight,Felisberto Hernández Lands of Memory,Felisberto Hernández,Lands of Memory,Rafael Courtoisie,Rafael Courtoisie,None
Uzbekistan,Sabit Madaliev / Hamid Ismailov The Railway / Bibish The Dancer from Khiva: One Muslim Woman’s Quest for Freedom,Sabit Madaliev,Sabit Madaliev,None,Hamid Ismailov The Railway,Hamid Ismailov,The Railway,Bibish The Dancer from Khiva: One Muslim Woman’s Quest for Freedo,Bibish The,Dancer from Khiva: One Muslim Woman’s Quest for Freedo
Vanuatu,Sethy Regenvau Laef Blong Mi: From Village to Nation,Sethy Regenvau Laef Blong Mi: From Village to Natio,Sethy Regenvau,Laef Blong Mi: From Village to Natio,None,None,None,None,None,None
"Venezuela, Bolivarian Republic of",Francisco Suniaga / Alberto Barrera Tyszka The Sickness / Ana Teresa Torres / Romulo Gallegos / Federico Vegas Falke,Francisco Suniaga,Francisco Suniaga,None,Alberto Barrera Tyszka The Sickness,Alberto Barrera,Tyszka The Sickness,Ana Teresa Torres,Ana Teresa,Torres
Viet Nam,"Phan Hon Nhien The Joker; Cold Eyes; Left Wing / Bao Ninh The Sorrow of War (trans. Frank Palmos, Phan Thanh Hao) / Nguyen Nhat Anh / Nguyen Ngoc Thuan Open the Window, Eyes Closed / Duong Thu Huong Paradise of the Blind",Phan Hon Nhien The Joker,Phan Hon,Nhien The Joker,"Bao Ninh The Sorrow of War (trans. Frank Palmos, Phan Thanh Hao)",Bao Ninh,"The Sorrow of War (trans. Frank Palmos, Phan Thanh Hao)",Nguyen Nhat Anh,Nguyen Nhat,Anh
Yemen,Wajdi al-Ahdal A Land without Jasmine / Zayd Mutee’ Dammaj The Hostage,Wajdi al-Ahdal A Land without Jasmine,Wajdi al-Ahdal,A Land without Jasmine,Zayd Dammaj The Hostage,Zayd Dammaj,The Hostage,None,None,None
Zambia,Gaile Parkin Baking Cakes in Kigali / Field Ruwe / Binwell Sinyangwe A Cowrie of Hope,Gaile Parkin Baking Cakes in Kigali,Gaile Parkin,Baking Cakes in Kigali,Field Ruwe,Field Ruwe,None,Binwell Sinyangwe A Cowrie of Hop,Binwell Sinyangwe,A Cowrie of Hop
Zimbabwe,Petinah Gappah An Elegy for Easterly / Tsitsi Dangarembga Nervous Conditions / Brian Chikwava Harare North / Tendai Huchu The Hairdresser of Harare / Shimmer Chinodya Chioniso and Other Stories / Stephen Lungu Out of the Black Shadows / Christopher Mlalazi They are Coming; Running with Mother,Petinah Gappah An Elegy for Easterly,Petinah Gappah,An Elegy for Easterly,Tsitsi Dangarembga Nervous Conditions,Tsitsi Dangarembga,Nervous Conditions,Brian Chikwava Harare North,Brian Chikwava,Harare North
Greenland,Gretel Ehrlich This Cold Heaven,Gretel Ehrlich This Cold Heaven,Gretel Ehrlich,This Cold Heaven,None,None,None,None,None,None
